,City,Country,Temperature,Latitude,Longitude,Wind Speed,Humidity,Cloudiness,Date
0,avarua,CK,80.6,-21.21,-159.78,6.93,83,67,1599869900
1,petropavlovsk-kamchatskiy,RU,55.4,53.05,158.65,4.47,82,20,1599870039
2,sao jose dos pinhais,BR,77.0,-25.53,-49.21,5.82,61,100,1599870040
3,la asuncion,VE,93.2,11.03,-63.86,6.93,52,12,1599870040
4,hobart,AU,53.6,-42.88,147.33,5.82,66,40,1599869951
5,nevyansk,RU,48.56,57.5,60.21,5.23,96,98,1599870041
6,new norfolk,AU,52.0,-42.78,147.06,1.01,61,74,1599870042
7,iqaluit,CA,37.4,63.75,-68.51,8.05,86,90,1599870042
8,hithadhoo,MV,81.93,-0.6,73.08,9.66,75,100,1599870020
9,fortuna,US,66.0,40.6,-124.16,9.17,77,1,1599870043
10,springfield,US,73.99,37.22,-93.3,4.7,83,90,1599869947
11,aklavik,CA,44.6,68.22,-135.01,5.82,81,90,1599870044
12,kaitangata,NZ,55.0,-46.28,169.85,4.0,50,96,1599870044
13,alyangula,AU,80.6,-13.85,136.42,8.05,51,74,1599870044
14,hamilton,US,70.0,39.18,-84.53,8.05,77,90,1599870045
15,fort frances,CA,63.0,48.6,-93.4,4.7,48,1,1599870045
16,guerrero negro,MX,88.61,27.98,-114.06,13.22,25,0,1599870045
17,puri,IN,83.77,19.8,85.85,3.94,79,67,1599870046
18,albany,US,60.01,42.6,-73.97,4.61,72,0,1599869775
19,rikitea,PF,73.8,-23.12,-134.97,11.54,86,63,1599869784
20,longyearbyen,SJ,39.2,78.22,15.64,3.2,86,75,1599869957
21,srednekolymsk,RU,52.83,67.45,153.68,1.77,52,0,1599870049
22,emerald,AU,70.0,-23.53,148.17,16.11,59,90,1599870050
23,cacoal,BR,87.06,-11.44,-61.45,3.58,30,58,1599870050
24,zhucheng,CN,66.63,35.99,119.4,7.78,87,36,1599870051
25,pontianak,ID,75.63,-0.03,109.33,3.13,92,92,1599870051
26,akureyri,IS,44.6,65.68,-18.09,11.41,75,90,1599870052
27,brokopondo,SR,84.47,4.75,-55.17,3.44,60,17,1599870053
28,tasiilaq,GL,33.8,65.61,-37.64,5.82,74,100,1599870054
29,khandagayty,RU,36.52,50.73,92.05,10.51,79,62,1599870054
30,ribeira grande,PT,71.87,38.52,-28.7,6.8,78,10,1599869962
31,san cristobal,VE,86.0,7.77,-72.22,8.05,62,75,1599870054
32,busselton,AU,53.01,-33.65,115.33,3.09,75,20,1599870055
33,kaeo,NZ,56.53,-35.1,173.78,6.49,41,0,1599870055
34,hasaki,JP,77.0,35.73,140.83,10.29,94,75,1599870055
35,sao filipe,CV,82.2,14.9,-24.5,4.92,72,37,1599869989
36,cabo san lucas,MX,86.0,22.89,-109.91,11.41,70,75,1599869981
37,portland,US,66.2,45.52,-122.68,4.7,63,90,1599869693
38,khatanga,RU,48.74,71.97,102.5,7.7,61,94,1599870057
39,maloy,NO,55.4,61.94,5.11,23.04,76,68,1599870057
40,hermanus,ZA,60.01,-34.42,19.23,8.01,89,98,1599870057
41,cape town,ZA,57.0,-33.93,18.42,3.36,93,94,1599869927
42,tiksi,RU,49.57,71.69,128.87,4.74,74,96,1599870058
43,carnarvon,AU,59.0,-24.87,113.63,14.99,67,0,1599870058
44,straumen,NO,54.0,63.87,11.3,17.22,76,100,1599870058
45,constitucion,CL,48.83,-35.33,-72.42,14.43,80,0,1599870059
46,arraial do cabo,BR,72.59,-22.97,-42.03,8.77,86,7,1599869869
47,kapaa,US,87.8,22.08,-159.32,13.87,58,40,1599870059
48,nemuro,JP,59.0,43.32,145.57,5.82,72,75,1599870059
49,ifakara,TZ,72.68,-8.13,36.68,5.66,70,48,1599870059
50,balagansk,RU,44.85,54.01,103.05,7.87,91,100,1599870060
51,colac,AU,51.01,-38.33,143.58,8.01,97,100,1599870060
52,mataura,NZ,54.0,-46.19,168.86,4.0,65,99,1599870060
53,sitio novo do tocantins,BR,81.07,-5.52,-47.46,3.13,53,62,1599870061
54,port macquarie,AU,69.01,-31.43,152.92,1.01,73,89,1599870061
55,riyadh,SA,84.2,24.69,46.72,6.93,17,2,1599870061
56,yellowknife,CA,46.4,62.46,-114.35,11.41,93,90,1599869970
57,beloha,MG,65.17,-25.17,45.05,2.64,94,0,1599870062
58,vaini,TO,75.2,-21.2,-175.2,11.41,78,40,1599870062
59,butaritari,KI,82.33,3.07,172.79,11.45,70,27,1599870063
60,dingle,PH,81.79,11.0,122.67,0.6,79,98,1599870063
61,meulaboh,ID,76.35,4.14,96.13,5.08,84,100,1599870064
62,esperance,AU,50.0,-33.87,121.9,6.93,100,36,1599870064
63,kudahuvadhoo,MV,81.77,2.67,72.89,13.73,79,97,1599870064
64,geraldton,AU,50.0,-28.77,114.6,4.7,87,14,1599870065
65,salinas,US,66.0,36.68,-121.66,10.29,77,1,1599869978
66,chuguyevka,RU,60.48,44.17,133.86,3.36,58,95,1599870067
67,atuona,PF,79.16,-9.8,-139.03,20.47,75,2,1599870068
68,carauari,BR,79.11,-4.88,-66.9,1.21,72,35,1599870070
69,punta arenas,CL,42.8,-53.15,-70.92,13.87,70,90,1599870070
70,nome,US,52.0,64.5,-165.41,11.41,81,90,1599869932
71,jamestown,US,59.0,42.1,-79.24,9.17,77,1,1599869835
72,ushuaia,AR,41.0,-54.8,-68.3,8.05,65,20,1599870061
73,valencia,ES,75.0,39.33,-0.83,5.82,69,51,1599869870
74,poquoson,US,78.8,37.12,-76.35,18.34,94,75,1599870046
75,faya,SA,68.0,18.39,42.45,1.9,52,24,1599870073
76,ust-omchug,RU,45.84,61.15,149.63,7.2,59,20,1599870073
77,sistranda,NO,50.0,63.73,8.83,4.7,87,75,1599870074
78,besikduzu,TR,73.4,41.05,39.23,4.7,83,75,1599870074
79,san luis de palenque,CO,78.17,5.42,-71.73,4.09,77,29,1599870075
80,awjilah,LY,75.54,29.11,21.29,9.46,58,0,1599870075
81,dalvik,IS,44.6,65.97,-18.53,11.41,75,90,1599870076
82,sola,VU,79.12,-13.88,167.55,17.45,81,34,1599870077
83,rocha,UY,51.76,-34.48,-54.33,13.04,69,94,1599870078
84,barrow,US,35.6,71.29,-156.79,11.41,74,90,1599870080
85,torbay,CA,52.0,47.67,-52.73,16.11,87,90,1599870080
86,seddon,AU,57.0,-37.81,144.89,14.99,76,90,1599870081
87,moranbah,AU,64.45,-22.0,148.05,20.31,69,98,1599870082
88,bredasdorp,ZA,60.8,-34.53,20.04,14.99,87,100,1599870083
89,praia da vitoria,PT,71.01,38.73,-27.07,8.79,88,75,1599870083
90,castro,BR,67.06,-24.79,-50.01,2.98,72,100,1599870040
91,pisco,PE,62.6,-13.7,-76.22,12.75,72,17,1599869991
92,berlevag,NO,46.63,70.86,29.09,8.1,73,13,1599869958
93,awbari,LY,83.91,26.59,12.78,6.2,18,24,1599870088
94,anadyr,RU,50.0,64.75,177.48,8.95,81,75,1599870088
95,pevek,RU,42.89,69.7,170.31,0.4,86,30,1599870088
96,bethel,US,62.01,41.37,-73.41,3.67,81,14,1599870088
97,huarmey,PE,61.12,-10.07,-78.15,7.18,81,17,1599870089
98,fort nelson,CA,55.4,58.81,-122.7,6.93,50,40,1599870089
99,airai,TL,68.7,-8.93,125.41,5.64,42,16,1599870090
100,rivers,CA,68.0,50.03,-100.24,14.99,34,75,1599870091
101,zhangjiakou,CN,58.35,40.81,114.88,3.98,79,84,1599870092
102,bundaberg,AU,70.0,-24.85,152.35,17.22,82,75,1599869976
103,rudsar,IR,69.8,37.14,50.29,2.08,94,0,1599870093
104,yermakovskoye,RU,42.01,53.28,92.4,2.35,90,88,1599870069
105,salalah,OM,80.6,17.02,54.09,2.24,78,75,1599870095
106,mastic beach,US,66.0,40.77,-72.85,14.38,77,40,1599870096
107,changli,CN,68.59,39.7,119.15,13.29,74,9,1599870096
108,fairbanks,US,48.2,64.84,-147.72,9.17,75,90,1599869969
109,evensk,RU,49.66,61.95,159.23,16.42,73,100,1599870097
110,adra,ES,77.0,36.75,-3.02,5.82,44,74,1599870098
111,bania,RO,75.0,44.9,22.04,1.12,72,0,1599870098
112,paamiut,GL,38.8,61.99,-49.67,10.94,68,0,1599870098
113,severo-kurilsk,RU,50.34,50.68,156.12,18.88,87,84,1599870098
114,bluff,NZ,54.0,-46.6,168.33,4.0,65,96,1599870099
115,havoysund,NO,42.8,71.0,24.66,4.7,87,75,1599870099
116,catamarca,AR,66.24,-28.47,-65.79,4.83,43,73,1599870099
117,mar del plata,AR,48.0,-38.0,-57.56,3.36,61,50,1599869945
118,rio gallegos,AR,42.8,-51.62,-69.22,23.04,52,40,1599870100
119,lima,PE,60.8,-12.04,-77.03,9.17,77,90,1599869641
120,walvis bay,NA,57.0,-22.96,14.51,11.41,93,0,1599870100
121,puerto ayora,EC,68.0,-0.74,-90.35,5.01,91,83,1599870101
122,flinders,AU,64.99,-34.58,150.86,11.99,62,2,1599870101
123,shimoda,JP,75.2,34.67,138.95,8.05,100,75,1599870103
124,port alfred,ZA,65.71,-33.59,26.89,25.57,84,95,1599869900
125,port elizabeth,ZA,62.6,-33.92,25.57,18.34,100,90,1599870103
126,belaya gora,RU,54.16,68.53,146.42,5.46,52,0,1599870104
127,te anau,NZ,49.87,-45.42,167.72,8.88,70,83,1599870104
128,tessalit,ML,91.15,20.2,1.01,6.15,26,21,1599870105
129,shelby,US,87.8,35.2,-89.87,5.82,58,1,1599870106
130,beirut,LB,82.4,33.89,35.49,3.36,88,20,1599870107
131,marsa matruh,EG,77.0,31.35,27.25,5.12,65,0,1599870020
132,trinidad,BO,87.64,-14.83,-64.9,3.04,32,7,1599870108
133,cibitung,ID,66.87,-7.12,107.13,2.39,93,64,1599870109
134,znamenskoye,RU,48.42,57.13,73.83,7.29,75,100,1599870110
135,kamra,PK,79.0,33.75,73.51,6.93,94,40,1599870111
136,villeneuve-sur-lot,FR,68.0,44.5,0.67,5.82,68,0,1599870111
137,pacific grove,US,66.0,36.62,-121.92,1.01,92,15,1599870017
138,glendive,US,72.0,47.11,-104.71,8.05,28,1,1599869992
139,sterling,US,75.2,39.01,-77.43,6.93,73,40,1599869925
140,flores,GT,81.61,16.92,-89.9,2.04,74,36,1599869935
141,provideniya,RU,46.99,64.38,-173.3,5.97,67,92,1599869959
142,karratha,AU,81.79,-20.74,116.85,14.79,33,0,1599870118
143,henties bay,NA,57.0,-22.12,14.28,4.0,95,0,1599870120
144,idanre,NG,71.02,7.11,5.12,2.21,100,83,1599870121
145,nanortalik,GL,38.7,60.14,-45.24,14.43,74,0,1599870122
146,cacu,BR,77.68,-18.56,-51.13,3.67,18,0,1599870122
147,catuday,PH,83.95,16.29,119.81,4.47,73,88,1599870123
148,chaman,PK,63.09,30.92,66.45,2.73,27,0,1599870124
149,luderitz,NA,65.95,-26.65,15.16,1.19,46,0,1599870124
150,tonantins,BR,79.14,-2.87,-67.8,1.36,70,52,1599870125
151,narsaq,GL,41.0,60.92,-46.05,14.99,27,0,1599870125
152,sinnamary,GF,79.72,5.38,-52.95,12.41,80,25,1599870126
153,abha,SA,68.0,18.22,42.51,3.04,52,14,1599870126
154,megion,RU,46.4,61.03,76.11,4.47,81,3,1599870126
155,saint paul,US,57.0,44.94,-93.09,3.36,87,90,1599870025
156,nishihara,JP,84.2,26.18,127.76,10.29,83,75,1599870126
157,lampari,PH,81.16,6.31,124.88,1.59,73,69,1599870127
158,outlook,CA,81.68,51.5,-107.05,7.83,24,1,1599870127
159,ulladulla,AU,66.0,-35.35,150.47,11.41,55,35,1599870128
160,ponta do sol,PT,71.6,32.67,-17.1,3.36,64,40,1599870130
161,tuktoyaktuk,CA,41.0,69.45,-133.04,26.4,80,90,1599870130
162,mahebourg,MU,69.8,-20.41,57.7,11.41,88,75,1599869910
163,pimenta bueno,BR,84.81,-11.67,-61.19,2.42,32,19,1599870131
164,hilo,US,86.0,19.73,-155.09,6.93,58,1,1599870039
165,fiche,ET,50.85,9.8,38.73,2.59,99,88,1599870132
166,zhigansk,RU,48.47,66.77,123.37,3.47,92,98,1599870133
167,nikolskoye,RU,48.99,59.7,30.79,2.24,87,65,1599870134
168,ulaangom,MN,40.77,49.98,92.07,4.45,66,3,1599870134
169,hofn,IS,47.82,64.25,-15.21,0.27,87,100,1599870134
170,saint-philippe,RE,66.2,-21.36,55.77,5.82,77,50,1599870135
171,wajir,KE,72.77,1.75,40.06,12.48,75,75,1599870135
172,leningradskiy,RU,42.84,69.38,178.42,4.03,88,98,1599870135
173,dikson,RU,43.63,73.51,80.55,18.61,95,78,1599870136
174,sitka,US,57.2,57.05,-135.33,5.82,71,75,1599870022
175,tanete,ID,80.74,-3.94,119.78,11.52,69,74,1599870136
176,harper,LR,76.14,4.38,-7.72,6.49,85,89,1599870136
177,otta,NO,42.69,61.77,9.54,4.43,78,78,1599870137
178,mehamn,NO,44.51,71.04,27.85,4.81,73,32,1599870137
179,dauphin,CA,71.6,51.15,-100.05,9.17,28,1,1599870137
180,amahai,ID,80.71,-3.33,128.92,5.44,81,54,1599870137
181,careiro da varzea,BR,82.4,-3.2,-59.81,3.36,83,75,1599870138
182,east london,ZA,66.61,-33.02,27.91,21.09,84,97,1599870138
183,port hardy,CA,62.6,50.7,-127.42,10.29,82,20,1599870138
184,kuito,AO,56.07,-12.38,16.93,5.06,35,6,1599870139
185,lavrentiya,RU,47.16,65.58,-171.0,5.59,66,54,1599870139
186,cherskiy,RU,49.5,68.75,161.3,2.08,61,79,1599870139
187,pemberton,CA,77.0,50.32,-122.8,5.82,41,5,1599870140
188,bambous virieux,MU,69.8,-20.34,57.76,11.41,88,75,1599870141
189,plettenberg bay,ZA,61.72,-34.05,23.37,7.36,80,94,1599870142
190,ibra,OM,80.64,22.69,58.53,2.82,52,58,1599870142
191,victoria,HK,84.99,22.29,114.16,5.99,78,95,1599870142
192,backo petrovo selo,RS,67.15,45.71,20.08,6.91,55,25,1599870143
193,yulara,AU,73.4,-25.24,130.99,8.05,27,0,1599870143
194,marsh harbour,BS,78.64,26.54,-77.06,18.86,89,100,1599870144
195,alofi,NU,80.6,-19.06,-169.92,9.17,83,40,1599870144
196,bengkulu,ID,75.13,-3.8,102.27,3.91,85,82,1599870145
197,cidreira,BR,64.08,-30.18,-50.21,8.59,90,53,1599870146
198,nanakuli,US,91.4,21.39,-158.15,9.17,43,1,1599870146
199,tuatapere,NZ,54.0,-46.13,167.68,4.0,65,93,1599870146
200,lod,IL,81.0,31.95,34.9,2.24,61,0,1599870146
201,jasper,US,64.99,37.2,-94.35,5.06,93,90,1599870147
202,shingu,JP,80.6,33.73,135.98,2.24,78,20,1599870147
203,wajima,JP,78.8,37.4,136.9,6.93,83,20,1599870147
204,cienfuegos,CU,80.6,22.15,-80.44,2.24,88,75,1599870148
205,ocos,GT,84.2,14.51,-92.19,11.41,89,75,1599870148
206,homer,US,57.2,59.64,-151.55,4.7,50,1,1599870149
207,beringovskiy,RU,48.72,63.05,179.32,18.52,80,94,1599870149
208,lebu,CL,47.64,-37.62,-73.65,2.86,81,9,1599870149
209,viedma,AR,50.25,-40.81,-63.0,11.27,43,14,1599870150
210,gazli,UZ,58.89,40.13,63.45,6.13,45,0,1599870150
211,sholokhove,UA,61.63,47.69,34.03,11.32,42,0,1599870150
212,sorland,NO,51.3,67.67,12.69,28.97,85,100,1599870150
213,chuy,UY,56.26,-33.7,-53.46,8.95,91,59,1599870151
214,brownsville,US,78.8,25.9,-97.5,8.05,78,75,1599870094
215,sao geraldo do araguaia,BR,81.34,-6.4,-48.55,3.22,49,38,1599870151
216,chokurdakh,RU,52.66,70.63,147.92,6.15,54,0,1599870152
217,santa cruz del norte,CU,82.4,23.15,-81.92,5.82,83,40,1599870152
218,port augusta,AU,73.99,-32.5,137.77,6.93,87,0,1599870153
219,mount gambier,AU,57.2,-37.83,140.77,8.05,93,90,1599870153
220,san patricio,MX,84.4,19.22,-104.7,4.88,73,90,1599870154
221,lagoa,PT,71.56,39.05,-27.98,7.54,77,51,1599869966
222,kodiak,US,64.4,57.79,-152.41,6.93,60,1,1599870154
223,la ronge,CA,60.8,55.1,-105.28,14.99,72,20,1599870155
224,olbia,IT,66.2,40.92,9.49,2.24,93,20,1599870155
225,severnyy,RU,48.2,50.68,36.55,6.71,61,0,1599870155
226,corpus christi,US,86.0,27.8,-97.4,6.93,66,75,1599870156
227,vila franca do campo,PT,69.8,37.72,-25.43,10.29,83,20,1599870022
228,lisala,CD,69.94,2.15,21.52,1.52,94,100,1599870158
229,korla,CN,64.99,41.76,86.15,1.01,79,0,1599870159
230,nouadhibou,MR,80.6,20.93,-17.03,19.46,65,2,1599870159
231,menongue,AO,55.87,-14.66,17.69,5.55,36,0,1599870160
232,brookhaven,US,79.0,31.58,-90.44,4.16,83,82,1599870160
233,thompson,CA,48.2,55.74,-97.86,6.93,93,75,1599870162
234,qaanaaq,GL,29.98,77.48,-69.36,7.81,94,100,1599870163
235,mount hagen,PG,70.92,-5.86,144.23,1.5,65,63,1599870163
236,kirakira,SB,83.35,-10.45,161.92,7.54,75,6,1599870164
237,bardiyah,LY,74.52,31.76,25.09,9.64,83,0,1599870164
238,pitimbu,BR,75.2,-7.47,-34.81,8.05,78,40,1599870165
239,ulaanbaatar,MN,57.2,47.91,106.88,20.13,53,75,1599870000
240,clyde river,CA,35.6,70.47,-68.59,2.24,80,20,1599870166
241,georgetown,MY,77.0,5.41,100.34,3.04,94,20,1599870070
242,sao jose da coroa grande,BR,73.56,-8.9,-35.15,11.7,78,2,1599870168
243,yeppoon,AU,71.6,-23.13,150.73,17.22,53,75,1599870169
244,caravelas,BR,72.5,-17.71,-39.25,7.65,82,0,1599870033
245,berdigestyakh,RU,54.93,62.1,126.7,1.43,77,93,1599870170
246,rundu,NA,58.42,-17.93,19.77,6.06,34,0,1599870171
247,vostok,RU,56.61,46.49,135.88,3.11,77,0,1599870171
248,luoyang,CN,72.1,34.68,112.45,9.08,63,39,1599870173
249,aksu,CN,67.37,41.12,80.26,5.57,39,44,1599870174
250,bihoro,JP,64.0,43.82,144.1,3.36,72,75,1599870174
251,isla mujeres,MX,77.0,21.23,-86.73,3.36,100,75,1599870175
252,igrim,RU,53.69,63.19,64.42,7.99,93,100,1599870175
253,port antonio,JM,86.0,18.18,-76.46,8.05,74,20,1599870176
254,matadi,CD,74.73,-5.82,13.45,5.44,77,15,1599870176
255,haapiti,PF,86.0,-17.57,-149.87,3.36,58,20,1599870177
256,talnakh,RU,53.6,69.49,88.4,13.42,93,90,1599870178
257,nacala,MZ,70.83,-14.54,40.67,9.82,90,19,1599870179
258,den helder,NL,63.0,52.96,4.76,5.82,87,75,1599870179
259,isangel,VU,77.0,-19.55,169.27,9.17,65,75,1599870179
260,saldanha,ZA,62.6,-33.01,17.94,2.24,72,29,1599870180
261,myitkyina,MM,74.71,25.38,97.4,1.72,91,94,1599870181
262,togur,RU,48.94,58.36,82.83,4.83,98,100,1599870181
263,hammerfest,NO,42.8,70.66,23.68,2.24,87,75,1599870182
264,dehri,IN,81.05,24.87,84.18,1.74,84,100,1599870008
265,dawson creek,CA,55.4,55.77,-120.24,9.17,54,1,1599870183
266,wanning,CN,83.75,18.8,110.4,6.6,78,98,1599870183
267,vao,NC,67.87,-22.67,167.48,17.22,67,97,1599870184
268,barranca,PE,58.66,-10.75,-77.77,6.2,89,16,1599870184
269,santarem,BR,82.4,-2.44,-54.71,6.93,78,17,1599870066
270,upernavik,GL,29.98,72.79,-56.15,8.1,81,32,1599870185
271,samarai,PG,77.0,-10.62,150.67,11.36,70,28,1599870186
272,misratah,LY,79.41,32.38,15.09,9.57,78,31,1599870187
273,ancud,CL,48.0,-41.87,-73.82,3.0,92,99,1599870187
274,norman wells,CA,51.8,65.28,-126.83,8.05,50,75,1599869960
275,nenjiang,CN,57.24,49.18,125.22,3.02,73,0,1599870190
276,puerto leguizamo,CO,74.17,-0.19,-74.78,1.92,94,62,1599870191
277,saubara,BR,77.0,-12.74,-38.77,10.29,65,75,1599870192
278,cayenne,GF,80.6,4.93,-52.33,6.93,83,50,1599870192
279,presidencia roque saenz pena,AR,76.41,-26.79,-60.44,12.91,67,73,1599870192
280,borogontsy,RU,48.16,62.67,131.17,4.7,79,100,1599870193
281,yerbogachen,RU,49.32,61.28,108.01,0.51,74,100,1599870193
282,moose factory,CA,51.8,51.26,-80.61,8.05,81,90,1599870194
283,basco,PH,84.72,20.45,121.97,8.68,75,58,1599870194
284,natal,BR,77.0,-5.79,-35.21,13.87,69,20,1599870194
285,quimperle,FR,52.0,47.87,-3.55,3.36,93,0,1599870195
286,mizdah,LY,74.35,31.45,12.98,7.54,63,5,1599870195
287,vyshestebliyevskaya,RU,68.0,45.2,37.02,8.95,68,0,1599870196
288,sosnovskoye,RU,48.2,55.81,43.17,4.47,93,92,1599870196
289,bilma,NE,91.56,18.69,12.92,6.17,15,0,1599870196
290,jesup,US,78.8,31.61,-81.89,4.21,94,1,1599870196
291,cody,US,75.0,44.53,-109.06,16.11,20,1,1599870197
292,darnah,LY,75.33,32.77,22.64,12.19,76,0,1599870197
293,pangai,TO,78.8,-19.8,-174.35,8.05,65,20,1599870197
294,houma,US,82.99,29.6,-90.72,3.36,88,1,1599870197
295,atambua,ID,79.38,-9.11,124.89,4.23,45,18,1599870198
296,boende,CD,70.3,-0.22,20.87,1.68,93,99,1599870199
297,vila velha,BR,75.2,-20.33,-40.29,12.75,73,0,1599869950
298,launceston,AU,50.0,-41.45,147.17,12.75,87,90,1599870200
299,requena,ES,64.99,39.49,-1.1,1.99,61,55,1599870201
300,wilmington,US,81.0,34.23,-77.94,5.82,88,20,1599869636
301,alugan,PH,82.74,12.22,125.48,2.75,76,100,1599870202
302,great falls,US,84.99,47.5,-111.3,4.7,15,1,1599870202
303,zonguldak,TR,59.9,41.25,31.83,1.86,93,0,1599870155
304,mandurah,AU,55.99,-32.55,115.7,5.01,75,0,1599870205
305,bubaque,GW,78.55,11.28,-15.83,16.46,86,100,1599870205
306,broome,US,57.99,42.25,-75.83,6.93,76,1,1599870206
307,kidal,ML,91.62,18.44,1.41,3.53,26,65,1599870207
308,bathsheba,BB,82.4,13.22,-59.52,5.82,74,20,1599870208
309,shobara,JP,78.01,34.85,133.02,5.82,100,75,1599870209
310,okhtyrka,UA,49.32,50.31,34.9,5.66,67,18,1599870209
311,tadine,NC,70.79,-21.55,167.88,15.23,63,38,1599870209
312,baruun-urt,MN,57.09,46.68,113.28,8.12,77,76,1599870210
313,eidfjord,NO,50.25,60.47,7.07,4.61,71,93,1599870210
314,lorengau,PG,85.21,-2.02,147.27,10.45,72,23,1599870210
315,sidney,AU,66.99,-33.87,151.21,11.41,55,0,1599870061
316,marienburg,PL,53.01,54.04,19.03,1.12,71,22,1599870211
317,coquimbo,CL,53.6,-29.95,-71.34,10.29,87,0,1599870211
318,antalaha,MG,68.5,-14.9,50.28,6.8,88,38,1599870212
319,severo-yeniseyskiy,RU,40.55,60.37,93.04,3.18,94,58,1599870213
320,vestmannaeyjar,IS,48.24,63.44,-20.27,4.72,85,75,1599870214
321,belfast,GB,53.6,54.58,-5.93,9.17,81,93,1599870215
322,mudon,MM,77.83,16.26,97.72,3.87,91,100,1599870216
323,ibirama,BR,68.0,-27.06,-49.52,2.01,94,96,1599870216
324,port lincoln,AU,58.08,-34.73,135.87,11.01,85,97,1599870217
325,xiangxiang,CN,71.17,27.73,112.53,4.21,95,100,1599870217
326,mokhsogollokh,RU,54.63,61.47,128.92,1.86,83,87,1599870218
327,nantucket,US,61.0,41.28,-70.1,12.75,72,1,1599870121
328,kruisfontein,ZA,64.0,-34.0,24.73,3.0,86,91,1599869977
329,saint george,US,89.01,37.1,-113.58,5.86,9,1,1599869927
330,west wendover,US,82.4,40.74,-114.07,4.7,8,1,1599870221
331,stalowa wola,PL,54.0,50.58,22.05,4.03,82,0,1599870222
332,nizwa,OM,84.97,22.93,57.53,1.57,32,100,1599870222
333,abu samrah,SY,74.52,35.3,37.18,2.71,70,33,1599870224
334,sal rei,CV,80.6,16.18,-22.92,6.93,94,75,1599870064
335,neiafu,TO,78.8,-18.65,-173.98,5.82,78,40,1599869999
336,jieshi,CN,84.0,22.81,115.83,6.62,87,69,1599870226
337,margate,GB,57.99,51.38,1.39,1.99,81,0,1599869967
338,alice springs,AU,77.0,-23.7,133.88,9.17,22,0,1599870125
339,virginia beach,US,77.0,36.85,-75.98,1.99,93,45,1599870223
340,sarakhs,IR,64.4,36.54,61.16,2.24,36,0,1599870229
341,devils lake,US,62.6,48.11,-98.87,10.29,48,40,1599870173
342,kautokeino,NO,38.35,69.01,23.04,11.77,87,77,1599870230
343,klaksvik,FO,46.4,62.23,-6.59,12.75,81,23,1599870231
344,batavia,US,64.99,41.85,-88.31,5.82,82,90,1599870232
345,richards bay,ZA,63.27,-28.78,32.04,3.76,86,0,1599870233
346,tralee,IE,51.8,52.27,-9.7,7.54,89,92,1599870233
347,mareeba,AU,73.99,-17.0,145.43,8.01,59,9,1599870235
348,kristiansund,NO,53.6,63.11,7.73,24.16,66,61,1599870106
349,consett,GB,57.0,54.85,-1.83,1.01,88,97,1599870237
350,lata,PT,66.0,40.16,-8.33,2.28,67,68,1599870238
351,zhanaozen,KZ,64.06,43.3,52.8,6.15,44,0,1599870066
352,aflao,TG,77.0,6.12,1.19,8.05,88,20,1599870239
353,talara,PE,62.37,-4.58,-81.27,14.99,87,68,1599869992
354,nhulunbuy,AU,80.6,-12.23,136.77,8.05,61,62,1599870240
355,lodja,CD,69.42,-3.48,23.43,2.42,94,93,1599870240
356,truth or consequences,US,71.6,33.13,-107.25,12.71,53,1,1599870241
357,anito,PH,83.32,12.45,125.29,4.23,75,94,1599870242
358,milos,GR,73.4,36.75,24.43,3.36,73,0,1599870243
359,panaba,MX,80.29,21.28,-88.27,6.49,79,98,1599870244
360,oranjemund,NA,63.86,-28.55,16.43,7.52,54,0,1599870245
361,bisira,PA,62.15,8.52,-81.71,0.67,100,97,1599870246
362,vanavara,RU,43.77,60.34,102.28,1.86,85,0,1599870246
363,centralina,BR,77.68,-18.58,-49.2,6.08,24,0,1599870250
364,kupang,ID,82.4,-10.17,123.58,12.75,45,20,1599870251
365,qasigiannguit,GL,30.2,68.82,-51.19,10.29,33,5,1599870252
366,bushehr,IR,88.12,28.97,50.84,0.56,64,32,1599870252
367,hervey bay,AU,68.0,-25.3,152.85,10.0,84,59,1599870253
368,faanui,PF,78.4,-16.48,-151.75,9.33,71,23,1599870253
369,madingou,CG,74.57,-4.15,13.55,4.09,77,36,1599870254
370,ituacu,BR,69.15,-13.81,-41.3,7.43,58,11,1599870254
371,trairi,BR,77.86,-3.28,-39.27,11.5,80,14,1599870254
372,kula,TR,63.57,38.55,28.65,2.08,82,13,1599870254
373,freeport,US,71.01,40.66,-73.58,8.05,83,40,1599870194
374,ucluelet,CA,62.01,48.93,-125.55,5.82,87,5,1599869965
375,rio grande,BR,59.0,-32.03,-52.1,1.01,97,94,1599870038
376,morondava,MG,75.54,-20.28,44.28,5.35,64,61,1599870255
377,rawson,AR,55.08,-43.3,-65.1,17.83,39,29,1599870256
378,naqadeh,IR,63.16,36.96,45.39,1.3,44,3,1599870257
379,corinto,GR,73.99,37.94,22.96,1.01,44,0,1599870258
380,havelock,US,79.0,34.88,-76.9,4.7,88,20,1599870259
381,moron,AR,57.99,-34.65,-58.62,1.01,58,100,1599870260
382,merauke,ID,80.6,-8.47,140.33,12.59,68,5,1599870260
383,shu,KZ,61.3,43.6,73.76,5.12,31,24,1599870262
384,goure,NE,80.01,13.98,10.27,3.0,76,42,1599870262
385,lompoc,US,62.6,34.64,-120.46,9.17,82,1,1599870263
386,serenje,ZM,56.48,-13.23,30.24,6.49,56,19,1599870264
387,bria,CF,69.82,6.54,21.99,3.33,95,71,1599870264
388,vite,IN,71.42,17.28,74.55,6.11,95,98,1599870265
389,ilulissat,GL,30.2,69.22,-51.1,10.29,33,0,1599870088
390,port hawkesbury,CA,51.01,45.62,-61.35,4.7,81,20,1599870267
391,ryotsu,JP,82.4,38.08,138.43,4.7,74,41,1599870268
392,itaqui,BR,69.57,-29.13,-56.55,12.93,92,93,1599870269
393,mongo,TD,77.04,12.18,18.69,2.64,85,83,1599870271
394,koumac,NC,74.39,-20.57,164.28,5.14,61,1,1599870271
395,jacqueville,CI,75.2,5.21,-4.41,9.17,94,20,1599870272
396,sao joao da barra,BR,73.26,-21.64,-41.05,17.11,83,0,1599870273
397,vardo,NO,48.76,70.37,31.11,9.13,74,42,1599869992
398,wonthaggi,AU,55.99,-38.6,145.59,18.99,91,100,1599870147
399,mahon,ES,69.8,39.89,4.27,6.93,94,10,1599870275
400,kunnamangalam,IN,73.4,11.3,75.88,3.36,94,75,1599870276
401,teguise,ES,73.4,29.06,-13.56,6.93,78,20,1599870276
402,westport,US,69.8,41.14,-73.36,9.17,77,75,1599869982
403,yeniseysk,RU,43.7,58.45,92.17,0.81,90,35,1599870277
404,selma,US,82.4,36.57,-119.61,3.36,44,1,1599870117
405,mogadishu,SO,77.79,2.04,45.34,18.21,84,84,1599870278
406,discovery bay,US,87.01,37.91,-121.6,3.0,36,0,1599870278
407,concepcion,CL,51.8,-36.83,-73.05,12.75,71,2,1599869985
408,saskylakh,RU,46.67,71.92,114.08,5.08,72,76,1599870278
409,beckley,US,75.2,37.78,-81.19,8.05,78,1,1599870016
410,taitung,TW,80.6,22.76,121.14,3.36,83,75,1599870279
411,dunedin,NZ,50.0,-45.87,170.5,8.99,70,75,1599870110
412,kokopo,PG,85.23,-4.35,152.26,11.56,66,1,1599870279
413,kosh-agach,RU,27.59,50.0,88.67,1.43,92,0,1599870280
414,banyumas,ID,76.24,-7.51,109.29,5.06,80,96,1599870282
415,port hedland,AU,75.2,-20.32,118.57,5.82,60,0,1599870282
416,vokhma,RU,45.32,58.93,46.76,6.96,97,55,1599870283
417,praya,CV,78.8,14.92,-23.51,8.05,83,75,1599870012
418,yangambi,CD,69.42,0.81,24.43,2.17,99,100,1599870036
419,yelnya,RU,44.4,54.58,33.18,4.94,91,42,1599870285
420,belomorsk,RU,44.01,64.52,34.77,7.45,86,71,1599870286
421,husavik,IS,44.6,66.04,-17.34,11.41,75,90,1599870287
422,kuytun,RU,44.37,54.34,101.5,10.04,90,100,1599870287
423,christchurch,NZ,52.0,-43.53,172.63,9.17,52,0,1599870153
424,olavarria,AR,44.56,-36.89,-60.32,3.47,60,28,1599870289
425,mackay,AU,70.0,-21.15,149.2,18.34,68,90,1599870289
426,orchard homes,US,86.0,46.86,-114.05,4.7,19,1,1599870004
427,mwingi,KE,60.96,-0.93,38.06,3.4,92,65,1599870291
428,daru,PG,77.79,-9.08,143.21,15.12,74,29,1599870291
429,waingapu,ID,80.38,-9.66,120.26,10.42,64,98,1599870293
430,oudtshoorn,ZA,57.2,-33.59,22.2,5.82,100,61,1599870294
431,lahat,ID,73.74,-3.8,103.53,1.66,86,99,1599870294
432,ixtapa,MX,86.0,20.7,-105.2,5.82,74,90,1599870295
433,novikovo,RU,48.99,51.15,37.89,4.18,74,17,1599870296
434,kahului,US,93.2,20.89,-156.47,23.04,36,40,1599870296
435,chulman,RU,59.2,56.85,124.91,6.2,79,75,1599870297
436,anzio,IT,72.0,41.49,12.62,5.64,91,67,1599870298
437,semirom,IR,48.78,31.42,51.57,3.0,50,27,1599870299
438,balkhash,KZ,56.19,46.84,74.98,16.28,40,51,1599870045
439,padang,ID,77.11,-0.95,100.35,2.57,74,99,1599870300
440,rheden,NL,53.01,52.02,6.05,1.12,100,3,1599870301
441,aykhal,RU,44.6,66.0,111.5,4.47,81,90,1599870302
442,shirokiy,RU,57.67,49.76,129.52,2.44,71,0,1599870303
443,quatre cocos,MU,69.8,-20.21,57.76,11.41,88,75,1599870303
444,miranda,CO,75.2,3.25,-76.23,9.17,69,40,1599870304
445,ambon,ID,78.8,-3.7,128.18,6.93,88,75,1599870305
446,pak chong,TH,77.05,14.71,101.42,1.83,85,99,1599870225
447,puerto del rosario,ES,73.4,28.5,-13.86,10.29,78,75,1599870041
448,kavaratti,IN,81.34,10.57,72.64,19.84,79,98,1599870033
449,berlin,DE,57.99,52.52,13.41,2.71,93,0,1599870182
450,atar,MR,93.65,20.52,-13.05,5.08,34,23,1599870309
451,panzhihua,CN,66.0,26.59,101.71,1.12,90,100,1599870310
452,weihe,CN,58.95,33.0,105.32,0.49,83,96,1599870311
453,saint-raymond,CA,59.0,45.47,-73.61,5.82,67,20,1599870311
454,kargasok,RU,48.81,59.06,80.86,5.57,95,99,1599870313
455,quballat,TN,73.4,36.54,9.66,4.7,64,40,1599870313
456,maykor,RU,48.43,59.01,55.88,8.1,95,74,1599870314
457,saint-ambroise,CA,48.2,48.55,-71.33,5.82,87,20,1599870314
458,aksarayskiy,RU,57.2,46.79,48.01,4.47,82,0,1599870314
459,inongo,CD,68.76,-1.95,18.27,4.74,93,94,1599870314
460,takestan,IR,62.6,36.07,49.7,2.24,51,0,1599870314
461,souillac,MU,69.8,-20.52,57.52,11.41,88,75,1599870315
462,nakkila,FI,51.8,61.37,22.0,8.05,87,90,1599870315
463,exmouth,GB,55.99,50.62,-3.4,5.82,82,20,1599870315
464,macon,US,73.0,39.87,-88.97,6.93,94,1,1599870316
465,cabedelo,BR,75.2,-6.98,-34.83,8.05,78,40,1599870317
466,andenes,NO,48.2,69.31,16.12,5.82,87,100,1599870318
467,santa rosa del sur,CO,72.5,7.96,-74.05,3.24,97,80,1599870319
468,hualmay,PE,60.24,-11.1,-77.61,6.73,83,11,1599870320
469,mitchell,US,57.2,43.71,-98.03,3.36,82,90,1599870234
470,narodychi,UA,49.48,51.2,29.08,2.55,71,0,1599870321
471,cairns,AU,77.0,-16.92,145.77,14.99,61,11,1599870273
472,lujan,AR,55.0,-34.57,-59.1,6.87,67,97,1599870323
473,laguna,US,86.0,38.42,-121.42,3.36,26,90,1599870323
474,banda aceh,ID,78.64,5.56,95.32,10.49,82,100,1599870326
475,tura,IN,74.32,25.52,90.22,3.87,97,90,1599870327
476,chapais,CA,48.2,49.78,-74.85,3.36,93,75,1599870309
477,eyrarbakki,IS,46.4,63.86,-21.15,4.7,81,51,1599870328
478,ayan,RU,58.12,56.45,138.17,2.35,61,24,1599870329
479,kurilsk,RU,55.92,45.23,147.88,6.26,62,3,1599870330
480,inyonga,TZ,70.34,-6.72,32.07,5.86,50,89,1599870330
481,tarakan,ID,78.67,3.3,117.63,7.11,81,94,1599870332
482,qaqortoq,GL,41.0,60.72,-46.03,14.99,27,0,1599870333
483,solyanka,RU,57.2,46.39,48.02,4.47,82,0,1599870334
484,peterhead,GB,50.0,57.51,-1.8,11.41,81,96,1599870335
485,warri,NG,76.51,5.52,5.75,3.89,89,100,1599870335
486,orlovskiy,RU,63.12,46.87,42.06,5.57,42,0,1599870336
487,alaca,TR,60.48,40.17,34.84,5.08,85,34,1599870336
488,makakilo city,US,91.4,21.35,-158.09,9.17,43,1,1599870078
489,nadym,RU,53.17,65.53,72.52,16.26,77,52,1599870337
490,yarim,YE,57.07,14.3,44.38,2.1,77,47,1599870337
491,inuvik,CA,44.6,68.35,-133.72,5.82,81,90,1599870130
492,aktau,KZ,57.2,43.65,51.2,8.95,67,0,1599870125
493,auki,SB,84.2,-8.77,160.7,1.66,70,4,1599870338
494,vilhena,BR,80.6,-12.74,-60.15,5.82,54,16,1599870338
495,lashio,MM,70.29,22.93,97.75,1.19,100,100,1599870339
496,colares,PT,72.0,38.8,-9.45,6.78,72,100,1599870339
497,mporokoso,ZM,61.36,-9.37,30.12,8.77,48,4,1599870339
498,veraval,IN,79.75,20.9,70.37,5.55,83,100,1599870340
499,nelson bay,AU,68.0,-32.72,152.15,8.05,67,0,1599870340
500,ararangua,BR,69.04,-28.93,-49.49,2.75,86,55,1599870341
501,bukama,CD,70.38,-9.2,25.85,3.0,27,33,1599870342
502,surin,TH,84.0,14.88,103.49,3.83,99,72,1599870343
503,sereflikochisar,TR,67.1,38.94,33.54,5.75,50,1,1599870344
504,kavieng,PG,84.74,-2.57,150.8,8.1,68,5,1599870344
505,hami,CN,57.58,42.8,93.45,6.98,32,0,1599870344
506,inirida,CO,75.54,3.87,-67.92,2.37,93,96,1599870344
507,grindavik,IS,46.4,63.84,-22.43,17.22,81,20,1599870345
508,cuamba,MZ,62.94,-14.8,36.54,3.04,75,37,1599870345
509,thinadhoo,MV,82.08,0.53,72.93,11.1,76,98,1599870346
510,tual,ID,78.76,-5.67,132.75,20.09,82,29,1599870346
511,sabang,ID,81.5,5.89,95.32,19.62,78,100,1599870347
512,ayr,GB,55.4,55.46,-4.63,16.11,76,20,1599870348
513,arkhangelskaya,RU,68.29,45.68,40.28,2.51,47,0,1599870348
514,inhambane,MZ,68.52,-23.86,35.38,8.93,80,35,1599870349
515,yumen,CN,49.93,40.28,97.2,9.31,47,0,1599870349
516,nuuk,GL,39.0,64.18,-51.72,9.17,59,0,1599870351
517,adrar,MR,93.7,20.5,-10.07,7.34,27,50,1599870351
518,hay river,CA,46.4,60.82,-115.8,25.28,93,90,1599870352
519,skelleftea,SE,50.0,64.75,20.95,5.82,87,100,1599870352
520,belmonte,BR,75.2,-15.86,-38.88,10.29,69,20,1599870108
521,bani walid,LY,76.14,31.76,13.99,4.03,66,17,1599870352
522,mweka,CD,70.11,-4.85,21.57,2.98,81,73,1599870353
523,flin flon,CA,66.2,54.77,-101.86,10.29,72,75,1599870353
524,wewak,PG,83.89,-3.55,143.63,7.67,69,15,1599870353
525,maragogi,BR,73.06,-9.01,-35.22,11.36,79,1,1599870353
526,olafsvik,IS,45.91,64.89,-23.71,33.44,81,99,1599870355
527,namibe,AO,65.03,-15.2,12.15,5.95,88,40,1599870355
528,trzcianka,PL,53.02,53.04,16.46,5.79,74,1,1599870356
529,malartic,CA,55.4,48.13,-78.13,3.36,71,40,1599870357
530,katobu,ID,81.23,-4.94,122.53,7.31,69,11,1599870358
531,ilorin,NG,73.51,8.5,4.55,3.96,91,59,1599870359
532,boyuibe,BO,80.58,-20.42,-63.28,7.54,29,11,1599870360
533,naantali,FI,57.2,60.47,22.02,9.17,71,100,1599870360
534,hoquiam,US,59.0,46.98,-123.89,6.93,82,90,1599870361
535,naze,JP,84.2,28.37,129.48,8.05,83,75,1599870362
536,dubti,ET,85.57,11.74,41.09,14.27,44,74,1599870363
537,chekhov,RU,48.2,55.14,37.47,6.71,81,100,1599870364
538,gibara,CU,75.2,21.11,-76.13,4.7,94,75,1599870364
539,douglas,US,57.99,41.3,-96.17,4.7,93,90,1599870365
540,ahuimanu,US,89.6,21.44,-157.84,10.29,62,40,1599870096
541,esmeraldas,BR,77.0,-19.76,-44.31,3.36,33,0,1599870367
542,itaituba,BR,82.15,-4.28,-55.98,1.43,54,46,1599870368
543,morehead,US,82.4,37.27,-87.18,6.93,100,1,1599870369
544,jalu,LY,75.49,29.03,21.55,8.34,58,0,1599870369
545,codrington,AU,53.1,-38.27,141.97,12.39,94,100,1599870369
546,yarmouth,US,63.0,41.71,-70.23,5.82,72,1,1599870370
547,ladario,BR,85.71,-19.0,-57.6,2.44,24,0,1599870133
548,dunda,TZ,61.07,-8.12,34.25,3.22,71,51,1599870370
549,yarega,RU,47.34,63.44,53.58,6.87,97,53,1599870370
550,mazagao,BR,82.4,-0.12,-51.29,11.41,83,20,1599870370
551,bandarbeyla,SO,79.57,9.49,50.81,16.22,67,66,1599870371
552,sao gabriel da cachoeira,BR,81.09,-0.13,-67.09,1.5,71,80,1599870371
553,usakos,NA,60.39,-22.0,15.6,1.36,33,0,1599870371
554,novyy urengoy,RU,51.01,66.08,76.63,11.01,85,87,1599870371
555,tatarsk,RU,48.97,55.22,75.98,7.54,71,71,1599870372
556,bilibino,RU,49.68,68.05,166.44,1.86,49,95,1599870373
557,dagua,CO,75.2,3.66,-76.69,9.17,69,40,1599870373
558,brae,GB,50.0,60.4,-1.35,26.4,87,40,1599870374
559,zeya,RU,59.88,53.75,127.27,3.44,70,13,1599870374
560,zyryanka,RU,54.54,65.75,150.85,1.59,52,0,1599870374
561,los llanos de aridane,ES,75.2,28.66,-17.92,14.99,78,75,1599870374
562,dori,BF,81.21,14.04,-0.03,10.38,56,95,1599870374
563,azangaro,PE,47.05,-14.92,-70.22,5.77,64,96,1599870375
564,omsukchan,RU,46.74,62.53,155.8,9.24,56,95,1599870375
565,vanimo,PG,85.8,-2.67,141.3,6.62,61,26,1599870375
566,taoudenni,ML,100.17,22.68,-3.98,7.56,15,47,1599870375
567,krasnyy chikoy,RU,54.32,50.36,108.75,3.0,77,100,1599870376
568,san vicente,AR,77.92,-26.62,-54.13,3.94,45,85,1599870376
569,thayetmyo,MM,76.57,19.32,95.18,5.61,95,100,1599870376
570,imbituba,BR,69.8,-28.24,-48.67,12.75,77,71,1599870376
571,itarema,BR,78.17,-2.92,-39.92,16.46,79,75,1599870377
